nome,categoria,porcao_base_g,medida_caseira,energia_kcal,proteina_g,carboidrato_g,lipidios_g,fibras_g,sodio_mg,micronutrientes
Arroz branco cozido,Cereais e tuberculos,100,4 colheres de sopa,128,2.5,28.1,0.2,1.6,1,Ferro
Arroz integral cozido,Cereais e tuberculos,100,4 colheres de sopa,124,2.6,25.8,1.0,2.7,1,Magnesio e ferro
Pao frances,Cereais e tuberculos,50,1 unidade,150,4.6,29.4,1.5,1.6,310,Ferro e vitamina B1
Pao de forma integral,Cereais e tuberculos,50,2 fatias,120,4.5,20.5,2.0,3.2,240,Fibras e vitamina B
Macarrao cozido,Cereais e tuberculos,100,1 pegador,131,2.6,25.0,1.0,1.6,3,Ferro
Batata inglesa cozida,Cereais e tuberculos,100,1 unidade media,52,1.2,11.9,0.1,1.3,3,Potassio e vitamina C
Batata doce cozida,Cereais e tuberculos,100,1 pedaco medio,77,0.6,18.4,0.1,2.2,4,Vitamina A e potassio
Mandioca cozida,Cereais e tuberculos,100,1 pedaco medio,125,0.6,30.1,0.3,1.6,2,Vitamina C
Aveia em flocos,Cereais e tuberculos,30,3 colheres de sopa,117,4.2,19.9,2.4,2.9,2,Ferro e magnesio
Tapioca,Cereais e tuberculos,50,2 colheres de sopa,120,0.1,29.8,0.0,0.5,1,-
Milho verde cozido,Cereais e tuberculos,100,3 colheres de sopa,98,3.3,19.6,1.5,2.4,15,Vitamina B e magnesio
Quinoa cozida,Cereais e tuberculos,100,4 colheres de sopa,120,4.4,21.3,1.9,2.8,7,Ferro e magnesio
Cuscuz de milho,Cereais e tuberculos,100,1 fatia media,112,2.2,25.5,0.6,1.2,2,-
Feijao carioca cozido,Leguminosas,100,1 concha media,76,4.8,13.6,0.5,8.5,2,Ferro e potassio
Feijao preto cozido,Leguminosas,100,1 concha media,77,4.5,14.0,0.5,8.4,2,Ferro
Lentilha cozida,Leguminosas,100,3 colheres de sopa,93,6.3,16.3,0.5,7.9,2,Ferro e folato
Grao de bico cozido,Leguminosas,100,3 colheres de sopa,121,6.0,20.8,1.9,7.6,4,Ferro e magnesio
Ervilha cozida,Leguminosas,100,3 colheres de sopa,81,5.4,14.5,0.4,5.2,3,Vitamina K
Soja cozida,Leguminosas,100,3 colheres de sopa,141,12.9,8.3,6.6,6.0,1,Ferro e calcio
Peito de frango grelhado,Carnes e ovos,100,1 file medio,159,32.0,0.0,2.5,0.0,53,Vitamina B3 e selenio
Coxa de frango assada,Carnes e ovos,100,1 unidade,186,26.2,0.0,8.6,0.0,90,Ferro
Patinho moido cozido,Carnes e ovos,100,4 colheres de sopa,219,26.7,0.0,11.9,0.0,55,Ferro e zinco
Alcatra grelhada,Carnes e ovos,100,1 file medio,163,30.0,0.0,3.9,0.0,52,Ferro e zinco
Carne suina lombo assado,Carnes e ovos,100,2 fatias,210,28.0,0.0,10.0,0.0,55,Vitamina B1
Peixe tilapia grelhada,Carnes e ovos,100,1 file medio,96,20.1,0.0,1.7,0.0,52,Vitamina B12
Salmao grelhado,Carnes e ovos,100,1 file medio,208,20.4,0.0,13.4,0.0,59,Omega 3 e vitamina D
Atum em conserva,Carnes e ovos,100,1 lata pequena,128,26.0,0.0,2.0,0.0,320,Vitamina B12
Ovo de galinha cozido,Carnes e ovos,50,1 unidade,72,6.5,0.6,4.8,0.0,71,Colina e vitamina D
Ovo de galinha frito,Carnes e ovos,50,1 unidade,102,6.3,0.5,8.2,0.0,155,Colina
Peru assado sem pele,Carnes e ovos,100,2 fatias,135,29.3,0.0,1.7,0.0,55,Vitamina B3
Leite integral,Laticinios,200,1 copo,122,6.4,9.2,6.6,0.0,84,Calcio e vitamina D
Leite desnatado,Laticinios,200,1 copo,70,6.8,10.0,0.4,0.0,86,Calcio
Iogurte natural integral,Laticinios,170,1 pote,105,6.0,7.8,5.9,0.0,120,Calcio
Iogurte natural desnatado,Laticinios,170,1 pote,68,6.5,8.5,0.3,0.0,120,Calcio
Queijo minas frescal,Laticinios,30,1 fatia,72,4.2,1.0,5.5,0.0,150,Calcio
Queijo mussarela,Laticinios,30,2 fatias,90,6.4,0.6,7.0,0.0,215,Calcio
Queijo prato,Laticinios,30,2 fatias,110,6.6,0.6,9.0,0.0,300,Calcio
Requeijao cremoso,Laticinios,30,1 colher de sopa,84,2.4,1.5,7.8,0.0,140,Calcio
Coalhada,Laticinios,100,1 pote pequeno,61,3.9,4.5,3.0,0.0,45,Calcio
Leite de soja,Laticinios,200,1 copo,66,6.6,4.6,3.4,1.0,60,Calcio quando fortificado
Alface,Hortalicas,50,4 folhas,7,0.7,1.1,0.1,1.0,5,Vitamina A e folato
Tomate,Hortalicas,90,1 unidade media,16,0.9,3.5,0.2,1.1,4,Licopeno e vitamina C
Cenoura crua,Hortalicas,60,1 unidade media,25,0.7,5.7,0.1,2.0,22,Vitamina A
Cenoura cozida,Hortalicas,60,3 colheres de sopa,20,0.5,4.6,0.1,1.9,20,Vitamina A
Brocolis cozido,Hortalicas,100,3 ramos,25,3.6,4.4,0.4,3.4,10,Vitamina C e K
Couve refogada,Hortalicas,60,2 colheres de sopa,35,2.0,4.0,1.4,2.2,5,Vitamina A e ferro
Abobrinha cozida,Hortalicas,100,1 xicara,19,1.2,3.6,0.2,1.2,1,Vitamina C
Abobora cozida,Hortalicas,100,1 pedaco medio,40,1.4,10.0,0.1,2.5,1,Vitamina A
Beterraba cozida,Hortalicas,60,2 fatias,25,0.9,5.5,0.1,1.7,45,Folato
Pepino,Hortalicas,90,5 fatias,11,0.6,2.4,0.1,0.5,2,Vitamina K
Pimentao vermelho,Hortalicas,60,3 fatias,19,0.5,4.2,0.2,1.2,1,Vitamina C
Chuchu cozido,Hortalicas,100,1 xicara,17,0.6,4.1,0.1,1.3,2,Vitamina C
Vagem cozida,Hortalicas,60,2 colheres de sopa,18,1.1,4.0,0.1,1.8,2,Vitamina A
Repolho cru,Hortalicas,60,2 colheres de sopa,17,0.6,3.9,0.1,1.6,4,Vitamina C
Espinafre refogado,Hortalicas,60,2 colheres de sopa,18,1.7,2.5,0.4,1.6,44,Ferro e folato
Rucula,Hortalicas,30,1 xicara,7,0.8,0.9,0.2,0.5,10,Vitamina K
Cebola,Hortalicas,30,2 colheres de sopa,12,0.3,2.8,0.0,0.5,1,Vitamina C
Banana prata,Frutas,90,1 unidade media,79,1.1,20.4,0.1,1.7,1,Potassio
Maca com casca,Frutas,130,1 unidade media,73,0.3,19.3,0.1,2.6,1,Vitamina C
Laranja pera,Frutas,150,1 unidade media,71,1.3,17.4,0.2,1.5,1,Vitamina C
Mamao papaya,Frutas,150,1 fatia media,68,0.9,17.1,0.1,2.6,4,Vitamina A e C
Manga,Frutas,150,1 unidade pequena,90,0.8,22.5,0.3,2.7,3,Vitamina A e C
Melancia,Frutas,150,1 fatia media,45,0.9,11.3,0.1,0.6,1,Vitamina C
Abacaxi,Frutas,130,1 fatia media,66,0.6,17.0,0.1,1.3,1,Vitamina C
Uva,Frutas,100,1 cacho pequeno,53,0.5,13.8,0.2,0.9,2,Vitamina C
Morango,Frutas,100,8 unidades,30,0.9,6.8,0.3,1.7,1,Vitamina C
Abacate,Frutas,100,3 colheres de sopa,96,1.2,6.0,8.4,6.3,2,Vitamina E e gorduras boas
Melao,Frutas,150,1 fatia media,42,0.6,9.9,0.1,0.6,20,Vitamina C
Pera,Frutas,130,1 unidade media,64,0.5,16.7,0.1,3.3,1,Vitamina C
Kiwi,Frutas,80,1 unidade media,47,0.9,10.5,0.4,2.5,2,Vitamina C
Tangerina,Frutas,110,1 unidade media,53,0.8,13.3,0.2,1.9,1,Vitamina C
Azeite de oliva,Gorduras e oleos,10,1 colher de sopa,88,0.0,0.0,10.0,0.0,0,Gorduras monoinsaturadas
Oleo de soja,Gorduras e oleos,10,1 colher de sopa,88,0.0,0.0,10.0,0.0,0,Vitamina E
Manteiga,Gorduras e oleos,10,1 colher de cha,72,0.1,0.1,8.0,0.0,7,Vitamina A
Margarina,Gorduras e oleos,10,1 colher de cha,72,0.1,0.2,8.0,0.0,10,Vitamina A quando fortificada
Castanha do para,Gorduras e oleos,20,3 unidades,133,3.0,2.2,13.2,1.5,0,Selenio
Amendoim torrado,Gorduras e oleos,30,1 punhado,170,7.5,5.6,14.4,2.5,3,Vitamina E e magnesio
Amendoas,Gorduras e oleos,20,13 unidades,116,4.0,3.6,10.0,2.4,0,Vitamina E e magnesio
Semente de chia,Gorduras e oleos,15,1 colher de sopa,73,2.5,6.3,4.6,5.3,1,Omega 3 e calcio
Acucar refinado,Acucares e doces,10,1 colher de sopa,39,0.0,10.0,0.0,0.0,0,-
Mel,Acucares e doces,20,1 colher de sopa,61,0.1,16.5,0.0,0.0,1,-
Doce de leite,Acucares e doces,20,1 colher de sopa,63,0.9,11.0,1.5,0.0,20,Calcio
Chocolate ao leite,Acucares e doces,25,2 quadradinhos,132,1.8,14.5,7.5,0.8,20,Calcio
Goiabada,Acucares e doces,30,1 fatia,84,0.1,20.7,0.0,1.0,5,-
Bolo simples de fuba,Acucares e doces,60,1 fatia,180,3.2,28.0,6.0,0.8,120,-
Biscoito de agua e sal,Acucares e doces,30,6 unidades,130,3.0,22.0,3.5,0.8,240,-
Sorvete de creme,Acucares e doces,80,1 bola,140,2.4,17.0,7.0,0.2,45,Calcio
Agua de coco,Bebidas,200,1 copo,38,0.4,8.8,0.0,0.0,50,Potassio
Suco de laranja natural,Bebidas,200,1 copo,90,1.4,20.8,0.2,0.4,2,Vitamina C
Cafe sem acucar,Bebidas,100,1 xicara,2,0.1,0.0,0.0,0.0,2,-
Cha mate sem acucar,Bebidas,100,1 xicara,1,0.0,0.2,0.0,0.0,1,-
Refrigerante de cola,Bebidas,200,1 copo,86,0.0,22.0,0.0,0.0,10,-
Suco industrializado de uva,Bebidas,200,1 copo,110,0.2,27.0,0.0,0.2,15,-
Vitamina de banana com leite,Bebidas,250,1 copo,180,6.5,28.0,5.0,1.5,90,Calcio e potassio
Refresco de frutas industrializado,Bebidas,200,1 copo,60,0.0,15.0,0.0,0.0,20,-
Molho de tomate,Outros,30,2 colheres de sopa,20,0.8,4.0,0.2,0.8,190,Licopeno
Azeitona verde,Outros,15,3 unidades,20,0.2,0.5,2.0,0.5,335,-
Farinha de mandioca,Outros,20,2 colheres de sopa,72,0.4,17.1,0.1,1.4,2,-
Farofa pronta,Outros,30,2 colheres de sopa,140,1.5,18.0,7.0,1.2,220,-
Granola,Outros,30,3 colheres de sopa,125,3.0,20.0,4.0,2.5,10,Ferro
Whey protein concentrado,Outros,30,1 dose,120,24.0,3.0,1.5,0.5,50,Calcio
Gelatina diet,Outros,100,1 pote,10,1.5,1.0,0.0,0.0,55,-
Pipoca sem oleo,Outros,20,1 xicara,78,2.6,15.8,0.9,3.0,1,-
